ESTADOS,inicio,varinicio,varfim,PT_V,ID,VIR,inteiro,real,literal,leia,escreva,LIT,NUM,ATR,OPA,se,AB_P,FC_P,entao,OPR,fimse,fim,EOF,P,V,LV,D,L,TIPO,A,ES,ARG,CMD,LD,OPRD,COND,CAB,EXP_R,CP
0,S2,E-inicio,E-inicio,E-inicio,E-inicio,E-inicio,E-inicio,E-inicio,E-inicio,E-inicio,E-inicio,E-inicio,E-inicio,E-inicio,E-inicio,E-inicio,E-inicio,E-inicio,E-inicio,E-inicio,E-inicio,E-inicio,E-inicio,1,,,,,,,,,,,,,,,
1,E-EOF,E-EOF,E-EOF,E-EOF,E-EOF,E-EOF,E-EOF,E-EOF,E-EOF,E-EOF,E-EOF,E-EOF,E-EOF,E-EOF,E-EOF,E-EOF,E-EOF,E-EOF,E-EOF,E-EOF,E-EOF,E-EOF,ACC,,,,,,,,,,,,,,,,
2,E-varinicio,S4,E-varinicio,E-varinicio,E-varinicio,E-varinicio,E-varinicio,E-varinicio,E-varinicio,E-varinicio,E-varinicio,E-varinicio,E-varinicio,E-varinicio,E-varinicio,E-varinicio,E-varinicio,E-varinicio,E-varinicio,E-varinicio,E-varinicio,E-varinicio,E-varinicio,,3,,,,,,,,,,,,,,
3,E-ID-leia-escreva-se-fim,E-ID-leia-escreva-se-fim,E-ID-leia-escreva-se-fim,E-ID-leia-escreva-se-fim,S11,E-ID-leia-escreva-se-fim,E-ID-leia-escreva-se-fim,E-ID-leia-escreva-se-fim,E-ID-leia-escreva-se-fim,S9,S10,E-ID-leia-escreva-se-fim,E-ID-leia-escreva-se-fim,E-ID-leia-escreva-se-fim,E-ID-leia-escreva-se-fim,S13,E-ID-leia-escreva-se-fim,E-ID-leia-escreva-se-fim,E-ID-leia-escreva-se-fim,E-ID-leia-escreva-se-fim,E-ID-leia-escreva-se-fim,S15,E-ID-leia-escreva-se-fim,,,,,,,5,6,,7,,,8,12,,
4,E-varfim-inteiro-real-literal,E-varfim-inteiro-real-literal,S49,E-varfim-inteiro-real-literal,E-varfim-inteiro-real-literal,E-varfim-inteiro-real-literal,S56,S57,S58,E-varfim-inteiro-real-literal,E-varfim-inteiro-real-literal,E-varfim-inteiro-real-literal,E-varfim-inteiro-real-literal,E-varfim-inteiro-real-literal,E-varfim-inteiro-real-literal,E-varfim-inteiro-real-literal,E-varfim-inteiro-real-literal,E-varfim-inteiro-real-literal,E-varfim-inteiro-real-literal,E-varfim-inteiro-real-literal,E-varfim-inteiro-real-literal,E-varfim-inteiro-real-literal,E-varfim-inteiro-real-literal,,,47,48,,51,,,,,,,,,,
5,E-EOF,E-EOF,E-EOF,E-EOF,E-EOF,E-EOF,E-EOF,E-EOF,E-EOF,E-EOF,E-EOF,E-EOF,E-EOF,E-EOF,E-EOF,E-EOF,E-EOF,E-EOF,E-EOF,E-EOF,E-EOF,E-EOF,R2,,,,,,,,,,,,,,,,
6,E-ID-leia-escreva-se-fim,E-ID-leia-escreva-se-fim,E-ID-leia-escreva-se-fim,E-ID-leia-escreva-se-fim,S11,E-ID-leia-escreva-se-fim,E-ID-leia-escreva-se-fim,E-ID-leia-escreva-se-fim,E-ID-leia-escreva-se-fim,S9,S10,E-ID-leia-escreva-se-fim,E-ID-leia-escreva-se-fim,E-ID-leia-escreva-se-fim,E-ID-leia-escreva-se-fim,S13,E-ID-leia-escreva-se-fim,E-ID-leia-escreva-se-fim,E-ID-leia-escreva-se-fim,E-ID-leia-escreva-se-fim,E-ID-leia-escreva-se-fim,S15,E-ID-leia-escreva-se-fim,,,,,,,14,6,,7,,,8,12,,
7,E-ID-leia-escreva-se-fim,E-ID-leia-escreva-se-fim,E-ID-leia-escreva-se-fim,E-ID-leia-escreva-se-fim,S11,E-ID-leia-escreva-se-fim,E-ID-leia-escreva-se-fim,E-ID-leia-escreva-se-fim,E-ID-leia-escreva-se-fim,S9,S10,E-ID-leia-escreva-se-fim,E-ID-leia-escreva-se-fim,E-ID-leia-escreva-se-fim,E-ID-leia-escreva-se-fim,S13,E-ID-leia-escreva-se-fim,E-ID-leia-escreva-se-fim,E-ID-leia-escreva-se-fim,E-ID-leia-escreva-se-fim,E-ID-leia-escreva-se-fim,S15,E-ID-leia-escreva-se-fim,,,,,,,16,6,,7,,,8,12,,
8,E-ID-leia-escreva-se-fim,E-ID-leia-escreva-se-fim,E-ID-leia-escreva-se-fim,E-ID-leia-escreva-se-fim,S11,E-ID-leia-escreva-se-fim,E-ID-leia-escreva-se-fim,E-ID-leia-escreva-se-fim,E-ID-leia-escreva-se-fim,S9,S10,E-ID-leia-escreva-se-fim,E-ID-leia-escreva-se-fim,E-ID-leia-escreva-se-fim,E-ID-leia-escreva-se-fim,S13,E-ID-leia-escreva-se-fim,E-ID-leia-escreva-se-fim,E-ID-leia-escreva-se-fim,E-ID-leia-escreva-se-fim,E-ID-leia-escreva-se-fim,S15,E-ID-leia-escreva-se-fim,,,,,,,17,6,,7,,,8,12,,
9,E-ID,E-ID,E-ID,E-ID,S18,E-ID,E-ID,E-ID,E-ID,E-ID,E-ID,E-ID,E-ID,E-ID,E-ID,E-ID,E-ID,E-ID,E-ID,E-ID,E-ID,E-ID,E-ID,,,,,,,,,,,,,,,,
10,E-ID-lit-Num,E-ID-lit-Num,E-ID-lit-Num,E-ID-lit-Num,S23,E-ID-lit-Num,E-ID-lit-Num,E-ID-lit-Num,E-ID-lit-Num,E-ID-lit-Num,E-ID-lit-Num,S21,S22,E-ID-lit-Num,E-ID-lit-Num,E-ID-lit-Num,E-ID-lit-Num,E-ID-lit-Num,E-ID-lit-Num,E-ID-lit-Num,E-ID-lit-Num,E-ID-lit-Num,E-ID-lit-Num,,,,,,,,,20,,,,,,,
11,E-ATR,E-ATR,E-ATR,E-ATR,E-ATR,E-ATR,E-ATR,E-ATR,E-ATR,E-ATR,E-ATR,E-ATR,E-ATR,S25,E-ATR,E-ATR,E-ATR,E-ATR,E-ATR,E-ATR,E-ATR,E-ATR,E-ATR,,,,,,,,,,,,,,,,
12,E-ID-leia-escreva-se-fimse,E-ID-leia-escreva-se-fimse,E-ID-leia-escreva-se-fimse,E-ID-leia-escreva-se-fimse,S11,E-ID-leia-escreva-se-fimse,E-ID-leia-escreva-se-fimse,E-ID-leia-escreva-se-fimse,E-ID-leia-escreva-se-fimse,S9,S10,E-ID-leia-escreva-se-fimse,E-ID-leia-escreva-se-fimse,E-ID-leia-escreva-se-fimse,E-ID-leia-escreva-se-fimse,S13,E-ID-leia-escreva-se-fimse,E-ID-leia-escreva-se-fimse,E-ID-leia-escreva-se-fimse,E-ID-leia-escreva-se-fimse,S35,E-ID-leia-escreva-se-fimse,E-ID-leia-escreva-se-fimse,,,,,,,,32,,33,,,34,12,,31
13,E-AB_P,E-AB_P,E-AB_P,E-AB_P,E-AB_P,E-AB_P,E-AB_P,E-AB_P,E-AB_P,E-AB_P,E-AB_P,E-AB_P,E-AB_P,E-AB_P,E-AB_P,E-AB_P,S60,E-AB_P,E-AB_P,E-AB_P,E-AB_P,E-AB_P,E-AB_P,,,,,,,,,,,,,,,,
14,E-EOF,E-EOF,E-EOF,E-EOF,E-EOF,E-EOF,E-EOF,E-EOF,E-EOF,E-EOF,E-EOF,E-EOF,E-EOF,E-EOF,E-EOF,E-EOF,E-EOF,E-EOF,E-EOF,E-EOF,E-EOF,E-EOF,R12,,,,,,,,,,,,,,,,
15,E-EOF,E-EOF,E-EOF,E-EOF,E-EOF,E-EOF,E-EOF,E-EOF,E-EOF,E-EOF,E-EOF,E-EOF,E-EOF,E-EOF,E-EOF,E-EOF,E-EOF,E-EOF,E-EOF,E-EOF,E-EOF,E-EOF,R32,,,,,,,,,,,,,,,,
16,E-EOF,E-EOF,E-EOF,E-EOF,E-EOF,E-EOF,E-EOF,E-EOF,E-EOF,E-EOF,E-EOF,E-EOF,E-EOF,E-EOF,E-EOF,E-EOF,E-EOF,E-EOF,E-EOF,E-EOF,E-EOF,E-EOF,R18,,,,,,,,,,,,,,,,
17,E-EOF,E-EOF,E-EOF,E-EOF,E-EOF,E-EOF,E-EOF,E-EOF,E-EOF,E-EOF,E-EOF,E-EOF,E-EOF,E-EOF,E-EOF,E-EOF,E-EOF,E-EOF,E-EOF,E-EOF,E-EOF,E-EOF,R24,,,,,,,,,,,,,,,,
18,E-PT_V,E-PT_V,E-PT_V,S19,E-PT_V,E-PT_V,E-PT_V,E-PT_V,E-PT_V,E-PT_V,E-PT_V,E-PT_V,E-PT_V,E-PT_V,E-PT_V,E-PT_V,E-PT_V,E-PT_V,E-PT_V,E-PT_V,E-PT_V,E-PT_V,E-PT_V,,,,,,,,,,,,,,,,
19,E-ID-leia-escreva-se-fimse-fim,E-ID-leia-escreva-se-fimse-fim,E-ID-leia-escreva-se-fimse-fim,E-ID-leia-escreva-se-fimse-fim,R13,E-ID-leia-escreva-se-fimse-fim,E-ID-leia-escreva-se-fimse-fim,E-ID-leia-escreva-se-fimse-fim,E-ID-leia-escreva-se-fimse-fim,R13,R13,E-ID-leia-escreva-se-fimse-fim,E-ID-leia-escreva-se-fimse-fim,E-ID-leia-escreva-se-fimse-fim,E-ID-leia-escreva-se-fimse-fim,R13,E-ID-leia-escreva-se-fimse-fim,E-ID-leia-escreva-se-fimse-fim,E-ID-leia-escreva-se-fimse-fim,E-ID-leia-escreva-se-fimse-fim,R13,R13,E-ID-leia-escreva-se-fimse-fim,,,,,,,,,,,,,,,,
20,E-PT_V,E-PT_V,E-PT_V,S24,E-PT_V,E-PT_V,E-PT_V,E-PT_V,E-PT_V,E-PT_V,E-PT_V,E-PT_V,E-PT_V,E-PT_V,E-PT_V,E-PT_V,E-PT_V,E-PT_V,E-PT_V,E-PT_V,E-PT_V,E-PT_V,E-PT_V,,,,,,,,,,,,,,,,
21,E-PT_V,E-PT_V,E-PT_V,R15,E-PT_V,E-PT_V,E-PT_V,E-PT_V,E-PT_V,E-PT_V,E-PT_V,E-PT_V,E-PT_V,E-PT_V,E-PT_V,E-PT_V,E-PT_V,E-PT_V,E-PT_V,E-PT_V,E-PT_V,E-PT_V,E-PT_V,,,,,,,,,,,,,,,,
22,E-PT_V,E-PT_V,E-PT_V,R16,E-PT_V,E-PT_V,E-PT_V,E-PT_V,E-PT_V,E-PT_V,E-PT_V,E-PT_V,E-PT_V,E-PT_V,E-PT_V,E-PT_V,E-PT_V,E-PT_V,E-PT_V,E-PT_V,E-PT_V,E-PT_V,E-PT_V,,,,,,,,,,,,,,,,
23,E-PT_V,E-PT_V,E-PT_V,R17,E-PT_V,E-PT_V,E-PT_V,E-PT_V,E-PT_V,E-PT_V,E-PT_V,E-PT_V,E-PT_V,E-PT_V,E-PT_V,E-PT_V,E-PT_V,E-PT_V,E-PT_V,E-PT_V,E-PT_V,E-PT_V,E-PT_V,,,,,,,,,,,,,,,,
24,E-ID-leia-escreva-se-fimse-fim,E-ID-leia-escreva-se-fimse-fim,E-ID-leia-escreva-se-fimse-fim,E-ID-leia-escreva-se-fimse-fim,R14,E-ID-leia-escreva-se-fimse-fim,E-ID-leia-escreva-se-fimse-fim,E-ID-leia-escreva-se-fimse-fim,E-ID-leia-escreva-se-fimse-fim,R14,R14,E-ID-leia-escreva-se-fimse-fim,E-ID-leia-escreva-se-fimse-fim,E-ID-leia-escreva-se-fimse-fim,E-ID-leia-escreva-se-fimse-fim,R14,E-ID-leia-escreva-se-fimse-fim,E-ID-leia-escreva-se-fimse-fim,E-ID-leia-escreva-se-fimse-fim,E-ID-leia-escreva-se-fimse-fim,R14,R14,E-ID-leia-escreva-se-fimse-fim,,,,,,,,,,,,,,,,
25,E-ID-Num,E-ID-Num,E-ID-Num,E-ID-Num,S39,E-ID-Num,E-ID-Num,E-ID-Num,E-ID-Num,E-ID-Num,E-ID-Num,E-ID-Num,S40,E-ID-Num,E-ID-Num,E-ID-Num,E-ID-Num,E-ID-Num,E-ID-Num,E-ID-Num,E-ID-Num,E-ID-Num,E-ID-Num,,,,,,,,,,,26,28,,,,
26,E-PT_V,E-PT_V,E-PT_V,S27,E-PT_V,E-PT_V,E-PT_V,E-PT_V,E-PT_V,E-PT_V,E-PT_V,E-PT_V,E-PT_V,E-PT_V,E-PT_V,E-PT_V,E-PT_V,E-PT_V,E-PT_V,E-PT_V,E-PT_V,E-PT_V,E-PT_V,,,,,,,,,,,,,,,,
27,E-ID-leia-escreva-se-fimse-fim,E-ID-leia-escreva-se-fimse-fim,E-ID-leia-escreva-se-fimse-fim,E-ID-leia-escreva-se-fimse-fim,R19,E-ID-leia-escreva-se-fimse-fim,E-ID-leia-escreva-se-fimse-fim,E-ID-leia-escreva-se-fimse-fim,E-ID-leia-escreva-se-fimse-fim,R19,R19,E-ID-leia-escreva-se-fimse-fim,E-ID-leia-escreva-se-fimse-fim,E-ID-leia-escreva-se-fimse-fim,E-ID-leia-escreva-se-fimse-fim,R19,E-ID-leia-escreva-se-fimse-fim,E-ID-leia-escreva-se-fimse-fim,E-ID-leia-escreva-se-fimse-fim,E-ID-leia-escreva-se-fimse-fim,R19,R19,E-ID-leia-escreva-se-fimse-fim,,,,,,,,,,,,,,,,
28,E-PT_V-OPA,E-PT_V-OPA,E-PT_V-OPA,R21,E-PT_V-OPA,E-PT_V-OPA,E-PT_V-OPA,E-PT_V-OPA,E-PT_V-OPA,E-PT_V-OPA,E-PT_V-OPA,E-PT_V-OPA,E-PT_V-OPA,E-PT_V-OPA,S29,E-PT_V-OPA,E-PT_V-OPA,E-PT_V-OPA,E-PT_V-OPA,E-PT_V-OPA,E-PT_V-OPA,E-PT_V-OPA,E-PT_V-OPA,,,,,,,,,,,,,,,,
29,E-ID-Num,E-ID-Num,E-ID-Num,E-ID-Num,S39,E-ID-Num,E-ID-Num,E-ID-Num,E-ID-Num,E-ID-Num,E-ID-Num,E-ID-Num,S40,E-ID-Num,E-ID-Num,E-ID-Num,E-ID-Num,E-ID-Num,E-ID-Num,E-ID-Num,E-ID-Num,E-ID-Num,E-ID-Num,,,,,,,,,,,,30,,,,
30,E-PT_V,E-PT_V,E-PT_V,R20,E-PT_V,E-PT_V,E-PT_V,E-PT_V,E-PT_V,E-PT_V,E-PT_V,E-PT_V,E-PT_V,E-PT_V,E-PT_V,E-PT_V,E-PT_V,E-PT_V,E-PT_V,E-PT_V,E-PT_V,E-PT_V,E-PT_V,,,,,,,,,,,,,,,,
31,E-ID-leia-escreva-se-fimse-fim,E-ID-leia-escreva-se-fimse-fim,E-ID-leia-escreva-se-fimse-fim,E-ID-leia-escreva-se-fimse-fim,R25,E-ID-leia-escreva-se-fimse-fim,E-ID-leia-escreva-se-fimse-fim,E-ID-leia-escreva-se-fimse-fim,E-ID-leia-escreva-se-fimse-fim,R25,R25,E-ID-leia-escreva-se-fimse-fim,E-ID-leia-escreva-se-fimse-fim,E-ID-leia-escreva-se-fimse-fim,E-ID-leia-escreva-se-fimse-fim,R25,E-ID-leia-escreva-se-fimse-fim,E-ID-leia-escreva-se-fimse-fim,E-ID-leia-escreva-se-fimse-fim,E-ID-leia-escreva-se-fimse-fim,R25,R25,E-ID-leia-escreva-se-fimse-fim,,,,,,,,,,,,,,,,
32,E-ID-leia-escreva-se-fimse,E-ID-leia-escreva-se-fimse,E-ID-leia-escreva-se-fimse,E-ID-leia-escreva-se-fimse,S11,E-ID-leia-escreva-se-fimse,E-ID-leia-escreva-se-fimse,E-ID-leia-escreva-se-fimse,E-ID-leia-escreva-se-fimse,S9,S10,E-ID-leia-escreva-se-fimse,E-ID-leia-escreva-se-fimse,E-ID-leia-escreva-se-fimse,E-ID-leia-escreva-se-fimse,S13,E-ID-leia-escreva-se-fimse,E-ID-leia-escreva-se-fimse,E-ID-leia-escreva-se-fimse,E-ID-leia-escreva-se-fimse,S35,E-ID-leia-escreva-se-fimse,E-ID-leia-escreva-se-fimse,,,,,,,,32,,33,,,34,12,,36
33,E-ID-leia-escreva-se-fimse,E-ID-leia-escreva-se-fimse,E-ID-leia-escreva-se-fimse,E-ID-leia-escreva-se-fimse,S11,E-ID-leia-escreva-se-fimse,E-ID-leia-escreva-se-fimse,E-ID-leia-escreva-se-fimse,E-ID-leia-escreva-se-fimse,S9,S10,E-ID-leia-escreva-se-fimse,E-ID-leia-escreva-se-fimse,E-ID-leia-escreva-se-fimse,E-ID-leia-escreva-se-fimse,S13,E-ID-leia-escreva-se-fimse,E-ID-leia-escreva-se-fimse,E-ID-leia-escreva-se-fimse,E-ID-leia-escreva-se-fimse,S35,E-ID-leia-escreva-se-fimse,E-ID-leia-escreva-se-fimse,,,,,,,,32,,33,,,34,12,,37
34,E-ID-leia-escreva-se-fimse,E-ID-leia-escreva-se-fimse,E-ID-leia-escreva-se-fimse,E-ID-leia-escreva-se-fimse,S11,E-ID-leia-escreva-se-fimse,E-ID-leia-escreva-se-fimse,E-ID-leia-escreva-se-fimse,E-ID-leia-escreva-se-fimse,S9,S10,E-ID-leia-escreva-se-fimse,E-ID-leia-escreva-se-fimse,E-ID-leia-escreva-se-fimse,E-ID-leia-escreva-se-fimse,S13,E-ID-leia-escreva-se-fimse,E-ID-leia-escreva-se-fimse,E-ID-leia-escreva-se-fimse,E-ID-leia-escreva-se-fimse,S35,E-ID-leia-escreva-se-fimse,E-ID-leia-escreva-se-fimse,,,,,,,,32,,33,,,34,12,,38
35,E-ID-leia-escreva-se-fimse-fim,E-ID-leia-escreva-se-fimse-fim,E-ID-leia-escreva-se-fimse-fim,E-ID-leia-escreva-se-fimse-fim,R31,E-ID-leia-escreva-se-fimse-fim,E-ID-leia-escreva-se-fimse-fim,E-ID-leia-escreva-se-fimse-fim,E-ID-leia-escreva-se-fimse-fim,R31,R31,E-ID-leia-escreva-se-fimse-fim,E-ID-leia-escreva-se-fimse-fim,E-ID-leia-escreva-se-fimse-fim,E-ID-leia-escreva-se-fimse-fim,R31,E-ID-leia-escreva-se-fimse-fim,E-ID-leia-escreva-se-fimse-fim,E-ID-leia-escreva-se-fimse-fim,E-ID-leia-escreva-se-fimse-fim,R31,R31,E-ID-leia-escreva-se-fimse-fim,,,,,,,,,,,,,,,,
36,E-ID-leia-escreva-se-fimse-fim,E-ID-leia-escreva-se-fimse-fim,E-ID-leia-escreva-se-fimse-fim,E-ID-leia-escreva-se-fimse-fim,R28,E-ID-leia-escreva-se-fimse-fim,E-ID-leia-escreva-se-fimse-fim,E-ID-leia-escreva-se-fimse-fim,E-ID-leia-escreva-se-fimse-fim,R28,R28,E-ID-leia-escreva-se-fimse-fim,E-ID-leia-escreva-se-fimse-fim,E-ID-leia-escreva-se-fimse-fim,E-ID-leia-escreva-se-fimse-fim,R28,E-ID-leia-escreva-se-fimse-fim,E-ID-leia-escreva-se-fimse-fim,E-ID-leia-escreva-se-fimse-fim,E-ID-leia-escreva-se-fimse-fim,R28,R28,E-ID-leia-escreva-se-fimse-fim,,,,,,,,,,,,,,,,
37,E-ID-leia-escreva-se-fimse-fim,E-ID-leia-escreva-se-fimse-fim,E-ID-leia-escreva-se-fimse-fim,E-ID-leia-escreva-se-fimse-fim,R29,E-ID-leia-escreva-se-fimse-fim,E-ID-leia-escreva-se-fimse-fim,E-ID-leia-escreva-se-fimse-fim,E-ID-leia-escreva-se-fimse-fim,R29,R29,E-ID-leia-escreva-se-fimse-fim,E-ID-leia-escreva-se-fimse-fim,E-ID-leia-escreva-se-fimse-fim,E-ID-leia-escreva-se-fimse-fim,R29,E-ID-leia-escreva-se-fimse-fim,E-ID-leia-escreva-se-fimse-fim,E-ID-leia-escreva-se-fimse-fim,E-ID-leia-escreva-se-fimse-fim,R29,R29,E-ID-leia-escreva-se-fimse-fim,,,,,,,,,,,,,,,,
38,E-ID-leia-escreva-se-fimse-fim,E-ID-leia-escreva-se-fimse-fim,E-ID-leia-escreva-se-fimse-fim,E-ID-leia-escreva-se-fimse-fim,R30,E-ID-leia-escreva-se-fimse-fim,E-ID-leia-escreva-se-fimse-fim,E-ID-leia-escreva-se-fimse-fim,E-ID-leia-escreva-se-fimse-fim,R30,R30,E-ID-leia-escreva-se-fimse-fim,E-ID-leia-escreva-se-fimse-fim,E-ID-leia-escreva-se-fimse-fim,E-ID-leia-escreva-se-fimse-fim,R30,E-ID-leia-escreva-se-fimse-fim,E-ID-leia-escreva-se-fimse-fim,E-ID-leia-escreva-se-fimse-fim,E-ID-leia-escreva-se-fimse-fim,R30,R30,E-ID-leia-escreva-se-fimse-fim,,,,,,,,,,,,,,,,
39,E-PT_V-OPA-FC_P-OPR,E-PT_V-OPA-FC_P-OPR,E-PT_V-OPA-FC_P-OPR,R22,E-PT_V-OPA-FC_P-OPR,E-PT_V-OPA-FC_P-OPR,E-PT_V-OPA-FC_P-OPR,E-PT_V-OPA-FC_P-OPR,E-PT_V-OPA-FC_P-OPR,E-PT_V-OPA-FC_P-OPR,E-PT_V-OPA-FC_P-OPR,E-PT_V-OPA-FC_P-OPR,E-PT_V-OPA-FC_P-OPR,E-PT_V-OPA-FC_P-OPR,R22,E-PT_V-OPA-FC_P-OPR,E-PT_V-OPA-FC_P-OPR,R22,E-PT_V-OPA-FC_P-OPR,R22,E-PT_V-OPA-FC_P-OPR,E-PT_V-OPA-FC_P-OPR,E-PT_V-OPA-FC_P-OPR,,,,,,,,,,,,,,,,
40,E-PT_V-OPA-FC_P-OPR,E-PT_V-OPA-FC_P-OPR,E-PT_V-OPA-FC_P-OPR,R23,E-PT_V-OPA-FC_P-OPR,E-PT_V-OPA-FC_P-OPR,E-PT_V-OPA-FC_P-OPR,E-PT_V-OPA-FC_P-OPR,E-PT_V-OPA-FC_P-OPR,E-PT_V-OPA-FC_P-OPR,E-PT_V-OPA-FC_P-OPR,E-PT_V-OPA-FC_P-OPR,E-PT_V-OPA-FC_P-OPR,E-PT_V-OPA-FC_P-OPR,R23,E-PT_V-OPA-FC_P-OPR,E-PT_V-OPA-FC_P-OPR,R23,E-PT_V-OPA-FC_P-OPR,R23,E-PT_V-OPA-FC_P-OPR,E-PT_V-OPA-FC_P-OPR,E-PT_V-OPA-FC_P-OPR,,,,,,,,,,,,,,,,
41,E-FC_P,E-FC_P,E-FC_P,E-FC_P,E-FC_P,E-FC_P,E-FC_P,E-FC_P,E-FC_P,E-FC_P,E-FC_P,E-FC_P,E-FC_P,E-FC_P,E-FC_P,E-FC_P,E-FC_P,S43,E-FC_P,E-FC_P,E-FC_P,E-FC_P,E-FC_P,,,,,,,,,,,,,,,,
42,E-OPR,E-OPR,E-OPR,E-OPR,E-OPR,E-OPR,E-OPR,E-OPR,E-OPR,E-OPR,E-OPR,E-OPR,E-OPR,E-OPR,E-OPR,E-OPR,E-OPR,E-OPR,E-OPR,S45,E-OPR,E-OPR,E-OPR,,,,,,,,,,,,,,,,
43,E-entao,E-entao,E-entao,E-entao,E-entao,E-entao,E-entao,E-entao,E-entao,E-entao,E-entao,E-entao,E-entao,E-entao,E-entao,E-entao,E-entao,E-entao,S44,E-entao,E-entao,E-entao,E-entao,,,,,,,,,,,,,,,,
44,E-ID-leia-escreva-se-fimse,E-ID-leia-escreva-se-fimse,E-ID-leia-escreva-se-fimse,E-ID-leia-escreva-se-fimse,R26,E-ID-leia-escreva-se-fimse,E-ID-leia-escreva-se-fimse,E-ID-leia-escreva-se-fimse,E-ID-leia-escreva-se-fimse,R26,R26,E-ID-leia-escreva-se-fimse,E-ID-leia-escreva-se-fimse,E-ID-leia-escreva-se-fimse,E-ID-leia-escreva-se-fimse,R26,E-ID-leia-escreva-se-fimse,E-ID-leia-escreva-se-fimse,E-ID-leia-escreva-se-fimse,E-ID-leia-escreva-se-fimse,R26,E-ID-leia-escreva-se-fimse,E-ID-leia-escreva-se-fimse,,,,,,,,,,,,,,,,
45,E-ID-Num,E-ID-Num,E-ID-Num,E-ID-Num,S39,E-ID-Num,E-ID-Num,E-ID-Num,E-ID-Num,E-ID-Num,E-ID-Num,E-ID-Num,S40,E-ID-Num,E-ID-Num,E-ID-Num,E-ID-Num,E-ID-Num,E-ID-Num,E-ID-Num,E-ID-Num,E-ID-Num,E-ID-Num,,,,,,,,,,,,46,,,,
46,E-FC_P,E-FC_P,E-FC_P,E-FC_P,E-FC_P,E-FC_P,E-FC_P,E-FC_P,E-FC_P,E-FC_P,E-FC_P,E-FC_P,E-FC_P,E-FC_P,E-FC_P,E-FC_P,E-FC_P,R27,E-FC_P,E-FC_P,E-FC_P,E-FC_P,E-FC_P,,,,,,,,,,,,,,,,
47,E-ID-leia-escreva-se-fimse,E-ID-leia-escreva-se-fimse,E-ID-leia-escreva-se-fimse,E-ID-leia-escreva-se-fimse,R3,E-ID-leia-escreva-se-fimse,E-ID-leia-escreva-se-fimse,E-ID-leia-escreva-se-fimse,E-ID-leia-escreva-se-fimse,R3,R3,E-ID-leia-escreva-se-fimse,E-ID-leia-escreva-se-fimse,E-ID-leia-escreva-se-fimse,E-ID-leia-escreva-se-fimse,R3,E-ID-leia-escreva-se-fimse,E-ID-leia-escreva-se-fimse,E-ID-leia-escreva-se-fimse,E-ID-leia-escreva-se-fimse,E-ID-leia-escreva-se-fimse,R3,E-ID-leia-escreva-se-fimse,,,,,,,,,,,,,,,,
48,E-varfim-inteiro-real-literal,E-varfim-inteiro-real-literal,S49,E-varfim-inteiro-real-literal,E-varfim-inteiro-real-literal,E-varfim-inteiro-real-literal,S56,S57,S58,E-varfim-inteiro-real-literal,E-varfim-inteiro-real-literal,E-varfim-inteiro-real-literal,E-varfim-inteiro-real-literal,E-varfim-inteiro-real-literal,E-varfim-inteiro-real-literal,E-varfim-inteiro-real-literal,E-varfim-inteiro-real-literal,E-varfim-inteiro-real-literal,E-varfim-inteiro-real-literal,E-varfim-inteiro-real-literal,E-varfim-inteiro-real-literal,E-varfim-inteiro-real-literal,E-varfim-inteiro-real-literal,,,59,48,,51,,,,,,,,,,
49,E-PT_V,E-PT_V,E-PT_V,S50,E-PT_V,E-PT_V,E-PT_V,E-PT_V,E-PT_V,E-PT_V,E-PT_V,E-PT_V,E-PT_V,E-PT_V,E-PT_V,E-PT_V,E-PT_V,E-PT_V,E-PT_V,E-PT_V,E-PT_V,E-PT_V,E-PT_V,,,,,,,,,,,,,,,,
50,E-ID-leia-escreva-se-fim,E-ID-leia-escreva-se-fim,E-ID-leia-escreva-se-fim,E-ID-leia-escreva-se-fim,R5,E-ID-leia-escreva-se-fim,E-ID-leia-escreva-se-fim,E-ID-leia-escreva-se-fim,E-ID-leia-escreva-se-fim,R5,R5,E-ID-leia-escreva-se-fim,E-ID-leia-escreva-se-fim,E-ID-leia-escreva-se-fim,E-ID-leia-escreva-se-fim,R5,E-ID-leia-escreva-se-fim,E-ID-leia-escreva-se-fim,E-ID-leia-escreva-se-fim,E-ID-leia-escreva-se-fim,E-ID-leia-escreva-se-fim,R5,E-ID-leia-escreva-se-fim,,,,,,,,,,,,,,,,
51,E-ID,E-ID,E-ID,E-ID,S53,E-ID,E-ID,E-ID,E-ID,E-ID,E-ID,E-ID,E-ID,E-ID,E-ID,E-ID,E-ID,E-ID,E-ID,E-ID,E-ID,E-ID,E-ID,,,,,61,,,,,,,,,,,
52,E-varfim-inteiro-real-literal,E-varfim-inteiro-real-literal,R6,E-varfim-inteiro-real-literal,E-varfim-inteiro-real-literal,E-varfim-inteiro-real-literal,R6,R6,R6,E-varfim-inteiro-real-literal,E-varfim-inteiro-real-literal,E-varfim-inteiro-real-literal,E-varfim-inteiro-real-literal,E-varfim-inteiro-real-literal,E-varfim-inteiro-real-literal,E-varfim-inteiro-real-literal,E-varfim-inteiro-real-literal,E-varfim-inteiro-real-literal,E-varfim-inteiro-real-literal,E-varfim-inteiro-real-literal,E-varfim-inteiro-real-literal,E-varfim-inteiro-real-literal,E-varfim-inteiro-real-literal,,,,,,,,,,,,,,,,
53,E-PT_V-VIR,E-PT_V-VIR,E-PT_V-VIR,R8,E-PT_V-VIR,S54,E-PT_V-VIR,E-PT_V-VIR,E-PT_V-VIR,E-PT_V-VIR,E-PT_V-VIR,E-PT_V-VIR,E-PT_V-VIR,E-PT_V-VIR,E-PT_V-VIR,E-PT_V-VIR,E-PT_V-VIR,E-PT_V-VIR,E-PT_V-VIR,E-PT_V-VIR,E-PT_V-VIR,E-PT_V-VIR,E-PT_V-VIR,,,,,,,,,,,,,,,,
54,E-ID,E-ID,E-ID,E-ID,S53,E-ID,E-ID,E-ID,E-ID,E-ID,E-ID,E-ID,E-ID,E-ID,E-ID,E-ID,E-ID,E-ID,E-ID,E-ID,E-ID,E-ID,E-ID,,,,,55,,,,,,,,,,,
55,E-PT_V,E-PT_V,E-PT_V,R7,E-PT_V,E-PT_V,E-PT_V,E-PT_V,E-PT_V,E-PT_V,E-PT_V,E-PT_V,E-PT_V,E-PT_V,E-PT_V,E-PT_V,E-PT_V,E-PT_V,E-PT_V,E-PT_V,E-PT_V,E-PT_V,E-PT_V,,,,,,,,,,,,,,,,
56,E-ID,E-ID,E-ID,E-ID,R9,E-ID,E-ID,E-ID,E-ID,E-ID,E-ID,E-ID,E-ID,E-ID,E-ID,E-ID,E-ID,E-ID,E-ID,E-ID,E-ID,E-ID,E-ID,,,,,,,,,,,,,,,,
57,E-ID,E-ID,E-ID,E-ID,R10,E-ID,E-ID,E-ID,E-ID,E-ID,E-ID,E-ID,E-ID,E-ID,E-ID,E-ID,E-ID,E-ID,E-ID,E-ID,E-ID,E-ID,E-ID,,,,,,,,,,,,,,,,
58,E-ID,E-ID,E-ID,E-ID,R11,E-ID,E-ID,E-ID,E-ID,E-ID,E-ID,E-ID,E-ID,E-ID,E-ID,E-ID,E-ID,E-ID,E-ID,E-ID,E-ID,E-ID,E-ID,,,,,,,,,,,,,,,,
59,E-ID-leia-escreva-se-fim,E-ID-leia-escreva-se-fim,E-ID-leia-escreva-se-fim,E-ID-leia-escreva-se-fim,R4,E-ID-leia-escreva-se-fim,E-ID-leia-escreva-se-fim,E-ID-leia-escreva-se-fim,E-ID-leia-escreva-se-fim,R4,R4,E-ID-leia-escreva-se-fim,E-ID-leia-escreva-se-fim,E-ID-leia-escreva-se-fim,E-ID-leia-escreva-se-fim,R4,E-ID-leia-escreva-se-fim,E-ID-leia-escreva-se-fim,E-ID-leia-escreva-se-fim,E-ID-leia-escreva-se-fim,E-ID-leia-escreva-se-fim,R4,E-ID-leia-escreva-se-fim,,,,,,,,,,,,,,,,
60,E-ID-Num,E-ID-Num,E-ID-Num,E-ID-Num,S39,E-ID-Num,E-ID-Num,E-ID-Num,E-ID-Num,E-ID-Num,E-ID-Num,E-ID-Num,S40,E-ID-Num,E-ID-Num,E-ID-Num,E-ID-Num,E-ID-Num,E-ID-Num,E-ID-Num,E-ID-Num,E-ID-Num,E-ID-Num,,,,,,,,,,,,42,,,41,
61,E-PT_V,E-PT_V,E-PT_V,S52,E-PT_V,E-PT_V,E-PT_V,E-PT_V,E-PT_V,E-PT_V,E-PT_V,E-PT_V,E-PT_V,E-PT_V,E-PT_V,E-PT_V,E-PT_V,E-PT_V,E-PT_V,E-PT_V,E-PT_V,E-PT_V,E-PT_V,,,,,,,,,,,,,,,,